Primary Industry: MWD,Retail/Distribution,
,,
Category,Insight,Details
Retail & Distribution Business Model Trends,Hybrid Sales Models,"Many businesses combine sales, rentals, and services to create recurring revenue."
,E-commerce vs. Brick-and-Mortar,"Online-only competitors exist, but physical showrooms still play a role in product-heavy industries."
,Franchise vs. Corporate-Owned Stores,Franchise models allow faster expansion but make standardization and compliance harder.
Multi-Entity (Franchise/Retail Chain) Operational Challenges,Standardization Issues,"Franchisees often create custom workflows and product naming, leading to data inconsistencies."
,Lack of Visibility in Sales & Inventory,"Without a unified system, franchisors struggle to track top-selling products, supplier negotiations, and profitability."
,Technology Adoption & Compliance,"Owners resist new systems if they believe their existing process (QuickBooks, paper records) works fine. Compliance tracking is critical."
Inventory & Supply Chain Challenges,Fragmented Inventory Management,"Multi-location businesses lack real-time inventory tracking, causing stock shortages and overstocking."
,Supplier Relationships & Pricing Power,"Without centralized sales data, businesses miss out on bulk purchasing discounts and better supplier negotiations."
,Custom vs. Standardized Product Offerings,"Some franchises allow location-based product selection, but this complicates supplier agreements and customer expectations."
Payment Processing & POS Systems,Merchant Service Provider Variability,"Different locations use different payment processors, creating inconsistencies in reporting and fees."
,POS System Limitations,"Many small businesses rely on QuickBooks for transactions, but it lacks multi-location visibility and standardization."
Industry-Wide Digital Transformation Trends,Customization is Key for Multi-Entity Businesses,"Unlike rigid one-size-fits-all ERPs, retailers and distributors need flexible, customizable CRMs."
,Data-Driven Decision Making,"Retailers must track compliance, sales trends, and inventory movement in real-time to stay competitive."
,Adoption Barriers for Small Operators,"Many franchise owners prefer manual processes (paper, spreadsheets) over adopting new software."
Common Pitfalls in Retail & Distribution Technology Adoption,Lack of Process Definition Before Automation,"Companies often try to automate without first standardizing their processes, leading to inefficiencies."
,Multiple Workarounds Break Systems,"Employees find ways to bypass workflows, such as manually entering transactions in QuickBooks instead of using a CRM."
,Over-Customization Without Governance,Too much customization creates maintenance issues—there must be a balance between flexibility and standardization.
Key Takeaways for the Industry,Centralized Data & Reporting,"Businesses need real-time visibility into sales, inventory, and financials to make strategic decisions."
,Multi-Location Standardization,"Standardized workflows improve sales tracking, inventory control, and supplier negotiations."
,Franchise Compliance is a Challenge,Many multi-entity businesses struggle with enforcing consistent processes across franchisees.
,Supply Chain Efficiency Requires Sales Insights,Clear sales data enables better procurement planning and demand forecasting.
,Balance Between Customization & Governance,Businesses need flexibility but must enforce core processes for consistency.