Duraline Systems,,,
Theme,Question to Ask,Insight You Need,Customer Answer
Business & Industry,"""How do you usually describe your space in the market?""",Industry language and ICP alignment,"Medical distributor. They also manufacture their own product line, repair sterilizers, and refurbish sterilizers. So manufacturing, distribution, and service."
Business & Industry,"""Do you manufacture, distribute, or both?""",Operational complexity level,"All of the above. Distribution, in house product line, repairs, refurbishing services."
CRM Strategy,"""Was QuickBooks integration a key factor in choosing Method?""",Validate QB ecosystem value,Yes. Customizable platform plus QuickBooks sync were the two main reasons for choosing Method.
CRM Strategy,"""Why keep QuickBooks instead of moving to ERP?""",Understand ERP objection,Leadership preference. Their boss prefers QuickBooks. AP is managed there.
CRM Strategy,"""What made you switch to Method from your previous CRM?""",Migration driver,Customization and QuickBooks sync. They previously used Legrand as CRM.
Customization,"""How customized is your Method account?""",Flexibility reliance,Highly customized. “Alex is constantly customizing to our needs.” They do not use a basic setup.
Department Usage,"""How do teams use Method day to day?""",Cross department adoption,"Universal usage across sales, shipping, customer care, AP, AR. Used for leads, sales orders, invoices, quotes, activity notes, calendar events, manual payments."
Accounting Workflow,"""How do you handle payments?""",Sync usage depth,Manual payments entered in Method. Credit card and wire payments processed in QuickBooks. Accounting reports mostly run out of QuickBooks.
Reporting,"""Do you use Method reporting?""",Reporting adoption,Limited. Reporting mainly done in QuickBooks. They find Method reporting less intuitive. Want product level YoY reporting options.
Inventory,"""How do you track inventory?""",Inventory dependency,Inventory primarily managed in QuickBooks. No Fishbowl or external inventory system.
Email Marketing,"""How is Method email marketing working for you?""",Friction and retention risk,"Major frustration. Email blasts over ~3,000 contacts cause suspension. Must send in batches of 800. Wants list based sending, segmentation without manual labeling, and better email analytics such as clicks and conversions."
Performance,"""Any operational friction?""",Platform performance perception,Heavy customization makes system slow. Needs to reboot when new customizations are added.
Sync Reliability,"""How is the QuickBooks sync?""",Trust in integration,Still has to manually re run integrations at times. Mentions glitches.
,,,
Research backed insight or assumption,Customer evidence quote,What this tells us,Marketing verbiage
Email marketing is their biggest friction point and a retention risk,“Anytime I do an email blast… I get put on suspension… it’s not sustainable.”,Email capacity limits and suspension issues are a real pain. They want to stay in one system but are forced to use SendGrid or Mailchimp.,"If you promise all in one, it has to scale."
They want CRM visibility tied directly to email activity,“What I love about it… it’ll say that they received it.”,The appeal of in platform email is contact level visibility. They want attribution inside CRM.,See marketing activity inside the customer record.
"They operate a hybrid manufacturing, distribution, and service model",“We’re medical distributor. We have our own product line. We repair sterilizers. We refurbish.”,This is a complex MWD plus Field Service hybrid ICP. Sales plus service plus product lifecycle tracking matters.,"Built for businesses that sell, ship, and service."
Their Method instance is heavily customized and actively maintained,“Alex is constantly customizing to our needs.”,They rely on customization as an operational backbone. They are not using Method as a lightweight CRM.,Adapt the system as your business evolves.
Cross department adoption is strong,"“Sales side, shipping side, customer care, AP, AR… we kind of use it all the same.”",Method acts as operational front end while QuickBooks remains accounting engine.,One operational system across departments.
They use Method for operational workflow but trust QuickBooks for financial reporting,“I believe Greg creates all the reports out of QuickBooks.”,Accounting authority still sits in QuickBooks. Method is execution layer.,Operational control on top. Accounting source of truth underneath.
Performance slows with heavy customization,"“The more we make it customizable, it becomes heavy and slower.”",Power users notice performance degradation. Scale and performance optimization matters for advanced accounts.,Power should not slow you down.
Migration from QuickBooks Desktop influenced CRM selection,“QuickBooks desktop was one of the best features… QuickBooks online is horrible.”,Dissatisfaction with QBO experience may increase dependency on Method for structure and control.,"When QuickBooks changes, your workflow should not break."
They value QuickBooks sync deeply,“Because it was customizable and it synced with QuickBooks.”,Confirms our core positioning pillars for manufacturing ICP.,Custom CRM built around QuickBooks.
They want product level and year over year product performance reporting,“More options for reports… for products… this year versus last year.”,Product intelligence is important for a distributor manufacturer. Inventory plus reporting opportunity.,Understand product performance without exporting spreadsheets.
They want list based segmentation for email without manual tagging,“If I upload a list… I should be able to say give me all New York.”,Segmentation UX matters. Manual labeling feels clunky and inefficient.,"Segment and send in seconds, not hours."
They experience occasional sync glitches and need to re run integrations,“I always have to do the integrations.”,Reliability still impacts perception. Even minor friction affects trust.,Sync that just works.